channel,donors,transactions,revenue,avg_gift
Traditional,2778,5003,1039334.25,207.74220467719391
Mobile,3024,3024,296259.31,102.582863573