donor_type,donors,total_revenue,avg_revenue_per_donor
Recurring,1400,708208.25,505.86303571428545
One-off,1378,331126.0,240.29462989840371