gender,trad_revenue,mobile_revenue,total_revenue
Unknown,895825.0,283148.52,1178973.5199999965
Female,66391.25,7428.76,73820.01
Male,67455.0,5682.03,73137.030000000013