spending_segment,customers,purchase_count,total_revenue,avg_purchase
Whale,68,68,175583.14,2787.033968254
Dolphin,412,412,96288.8,245.634693878
Minnow,2544,2544,24387.37,10.023579942